{								"book": [							{					         		"title": "Harry Potter",         		"author": "J K. Rowling",         		"year": "2005",         		"price": "29.99",         		"photo": "photos/hpotter.jpg"      		},					      		{         		"title": "L'avalée des avalés",         		"author": "Réjean Ducharme",         		"year": "1966",         		"price": "39.95",         		"photo": "photos/avale.jpg"      		},      		{         		"title": "Le petit prince",         		"author": "Antoine de Saint-Exupéry",         		"year": "1943",         		"price": "19.99",         		"photo": "photos/pprince.jpg"      		},      		{         		"title": "Les fleurs du mal",         		"author": "Charles Baudelaire",         		"year": "1857",         		"price": "49.95",         		"photo": "photos/fleurs.jpg"      		}              ]						}			